{
  "kAvFreq": [
    0.03881163299999997,
    0.07075324899999998,
    0.171774234,
    0.186688692,
    0.180737479,
    0.21425309799999998,
    0.0024079049999999992,
    0.002741657,
    0.004110521,
    0.014758134000000008,
    0.048722774000000024,
    0.06425062399999999
  ],
  "kFinFreq": [
    0.036,
    0.0647,
    0.21979999999999997,
    0.20780000000000004,
    0.12890000000000001,
    0.1746,
    0.0014000000000000002,
    0.0031,
    0.0003,
    0.0504,
    0.0199,
    0.0931
  ],
  "reward-final": [
    2.252789999999997
  ],
  "coop-rate": [
    0.8645182182000001
  ],
  "reward-averages": [
    2.3341991832000004
  ],
  "reward-variances": [
    3.0078227247740017
  ]
}