{
  "kAvFreq": [
    0.03732808699999999,
    0.07562196099999997,
    0.15467702500000008,
    0.19323864900000007,
    0.17147238200000003,
    0.18196596699999998,
    0.002904461999999999,
    0.0030376439999999986,
    0.005109970999999999,
    0.018926964000000008,
    0.06636641499999998,
    0.089360473
  ],
  "reward-variances": [
    2.9315582945216003
  ],
  "coop-rate": [
    0.8161853786999999
  ],
  "kFinFreq": [
    0.05909999999999999,
    0.0676,
    0.17369999999999997,
    0.1732,
    0.22860000000000003,
    0.17379999999999995,
    0.0023,
    0.0015,
    0.006500000000000001,
    0.022000000000000002,
    0.039599999999999996,
    0.0521
  ],
  "reward-averages": [
    2.2037005296000003
  ],
  "reward-final": [
    2.371319999999997
  ]
}