{
  "reward-variances": [
    0.6204126352420963
  ],
  "coop-rate": [
    0.04037648316790218
  ],
  "kFinFreq": [
    0.19180039103192673,
    0.3065450048524686,
    0.31782729193698894,
    0.34572749384450174,
    0.4402467376369756,
    0.40635847474858944,
    0.0017684739183827394,
    0.007126710321038733,
    0.0021511624764298954,
    0.006756293362488045,
    0.08009531821523654,
    0.21342296033932243
  ],
  "kAvFreq": [
    0.015717344813768474,
    0.05290754464907687,
    0.06873958027001212,
    0.07660389637553905,
    0.07871481780514143,
    0.0632872417171103,
    0.0006597264046746955,
    0.0010450289882730527,
    0.0027817832891914407,
    0.004325101507890277,
    0.009386823309374636,
    0.03483655300686084
  ],
  "reward-final": [
    0.3112102398700917
  ],
  "reward-averages": [
    0.05450825494809967
  ]
}