{
  "coop-rate": [
    0.6965598242000003
  ],
  "kAvFreq": [
    0.028778974999999995,
    0.04265800799999999,
    0.08510794100000002,
    0.18482150899999994,
    0.171236501,
    0.182392863,
    0.0034893109999999975,
    0.004249087000000001,
    0.008736227000000003,
    0.06095810800000002,
    0.10291398500000003,
    0.124667485
  ],
  "reward-final": [
    1.8431099999999987
  ],
  "reward-variances": [
    2.1321075246703
  ],
  "reward-averages": [
    1.8807115058999997
  ],
  "kFinFreq": [
    0.0475,
    0.0464,
    0.09549999999999997,
    0.1779,
    0.18489999999999998,
    0.12910000000000002,
    0.006000000000000001,
    0.0019,
    0.0051,
    0.0217,
    0.10469999999999999,
    0.17929999999999996
  ]
}