{
  "coop-rate": [
    0.8005127558000001
  ],
  "kFinFreq": [
    0.027700000000000006,
    0.05249999999999999,
    0.17439999999999997,
    0.1601,
    0.19570000000000004,
    0.1757,
    0.0026,
    0.0031000000000000003,
    0.0082,
    0.027899999999999994,
    0.05890000000000001,
    0.11319999999999998
  ],
  "reward-averages": [
    2.161384444799999
  ],
  "reward-final": [
    2.120939999999998
  ],
  "reward-variances": [
    3.0860311691294005
  ],
  "kAvFreq": [
    0.035307423,
    0.06399669499999999,
    0.14681704,
    0.18395741500000004,
    0.18997850899999993,
    0.17876088399999998,
    0.0029797940000000013,
    0.0032527410000000017,
    0.005385052000000002,
    0.019540899999999993,
    0.07400252299999999,
    0.09603102399999999
  ]
}