{
  "kFinFreq": [
    0.08638939460373593,
    0.1022557944568424,
    0.05316227515823604,
    0.1364857501719502,
    0.328439686243913,
    0.40471128906913384,
    0.005463286556643354,
    0.09860735266702986,
    0.2689237624309165,
    0.3456143045361404,
    0.3069559048137045,
    0.31508944761765667
  ],
  "reward-averages": [
    0.11712124600627367
  ],
  "reward-final": [
    0.6488770564598505
  ],
  "coop-rate": [
    0.08675647698274598
  ],
  "kAvFreq": [
    0.006326429620850452,
    0.0059482844342481425,
    0.007574033293719321,
    0.01107631656414514,
    0.06239530730045156,
    0.06542312495292016,
    0.0014651602457922477,
    0.005628459354323437,
    0.04211731838840056,
    0.0511615857149926,
    0.05699601276400828,
    0.05306227017650644
  ],
  "reward-variances": [
    0.14057923058442848
  ]
}