{
  "reward-variances": [
    2.1485505321122
  ],
  "kAvFreq": [
    0.027965656000000002,
    0.04100398199999999,
    0.08407483399999995,
    0.17677179199999993,
    0.19065487700000006,
    0.179872339,
    0.00349735,
    0.0040417249999999995,
    0.008161135000000003,
    0.05509825200000003,
    0.10649974700000003,
    0.12236831099999998
  ],
  "reward-averages": [
    1.8949816566000006
  ],
  "coop-rate": [
    0.7018450595
  ],
  "reward-final": [
    1.9828799999999978
  ],
  "kFinFreq": [
    0.03989999999999999,
    0.035699999999999996,
    0.0876,
    0.1617,
    0.24840000000000004,
    0.1595,
    0.0018,
    0.0041,
    0.0008,
    0.09449999999999997,
    0.0754,
    0.09059999999999999
  ]
}