{
  "reward-variances": [
    2.362592236853031
  ],
  "coop-rate": [
    0.717903091818182
  ],
  "kFinFreq": [
    0.04121212121212121,
    0.02075757575757576,
    0.07287878787878788,
    0.21924242424242424,
    0.20454545454545453,
    0.16666666666666663,
    0.00045454545454545455,
    0.0,
    0.008333333333333333,
    0.028939393939393942,
    0.07772727272727271,
    0.15924242424242427
  ],
  "reward-final": [
    1.9553181818181828
  ],
  "kAvFreq": [
    0.029217096969696977,
    0.04667122727272725,
    0.10408285151515151,
    0.1656701454545454,
    0.18298699999999996,
    0.1877878242424243,
    0.0032606545454545457,
    0.003931131818181818,
    0.007030040909090911,
    0.047158613636363644,
    0.10268483181818182,
    0.11952858181818181
  ],
  "reward-averages": [
    1.9383383509090908
  ]
}