{
  "reward-variances": [
    0.27149068353723094
  ],
  "coop-rate": [
    0.08219283088927141
  ],
  "kFinFreq": [
    0.18200495457387925,
    0.12529130427709811,
    0.25129823614470487,
    0.3925878037518857,
    0.3873068700271762,
    0.3684872159014859,
    0.0027146171010861996,
    0.0,
    0.05871304984602845,
    0.16064386347557744,
    0.26433332638548723,
    0.35372609933633514
  ],
  "reward-final": [
    1.195519909205106
  ],
  "kAvFreq": [
    0.010454395938290086,
    0.01925354636139712,
    0.044742501237645164,
    0.06348498229956288,
    0.06402857285040797,
    0.07229929936962602,
    0.0006503606212178394,
    0.0012373335289510227,
    0.0030022173257281365,
    0.01959228563544526,
    0.040766121682289075,
    0.059091163050870116
  ],
  "reward-averages": [
    0.22192063959346398
  ]
}