{
  "reward-final": [
    2.122559999999998
  ],
  "reward-variances": [
    2.643307275535901
  ],
  "coop-rate": [
    0.7566542926999997
  ],
  "kAvFreq": [
    0.03303123299999999,
    0.05115691300000002,
    0.12052588100000002,
    0.18553773899999995,
    0.17978063999999996,
    0.18506187799999996,
    0.0032281670000000005,
    0.0034377750000000014,
    0.006388454000000001,
    0.03247438399999999,
    0.08791171999999997,
    0.11147521600000002
  ],
  "reward-averages": [
    2.0429665928999996
  ],
  "kFinFreq": [
    0.0345,
    0.045700000000000005,
    0.14049999999999999,
    0.17149999999999999,
    0.133,
    0.2594,
    0.0013,
    0.0001,
    0.0039000000000000003,
    0.0397,
    0.058699999999999995,
    0.11169999999999998
  ]
}