{
  "reward-averages": [
    1.8489385133999996
  ],
  "kAvFreq": [
    0.030643776,
    0.04204245899999999,
    0.09055230400000003,
    0.17553898600000006,
    0.1642908869999999,
    0.18009886100000005,
    0.0036595489999999985,
    0.004227259000000001,
    0.008904926999999998,
    0.06230419900000002,
    0.111119788,
    0.126627005
  ],
  "reward-variances": [
    2.095835412066
  ],
  "kFinFreq": [
    0.027999999999999994,
    0.047899999999999984,
    0.1092,
    0.1805,
    0.1454,
    0.19150000000000003,
    0.0039000000000000003,
    0.0002,
    0.0063,
    0.0196,
    0.13940000000000002,
    0.1281
  ],
  "reward-final": [
    1.9006199999999984
  ],
  "coop-rate": [
    0.6847920422999999
  ]
}