{
  "kFinFreq": [
    0.018299999999999997,
    0.0075,
    0.021649999999999996,
    0.00085,
    0.1544,
    0.1611,
    0.01155,
    0.011999999999999997,
    0.08224999999999999,
    0.21969999999999995,
    0.1992,
    0.11149999999999999
  ],
  "coop-rate": [
    0.3883853941000001
  ],
  "reward-final": [
    0.49045500000000025
  ],
  "kAvFreq": [
    0.015056511500000001,
    0.016590987999999997,
    0.0185877855,
    0.026789381999999987,
    0.13388145299999993,
    0.17666214200000002,
    0.007499453999999999,
    0.020114662499999998,
    0.11412276999999996,
    0.15768722,
    0.15733915,
    0.1556784815
  ],
  "reward-variances": [
    0.6497644533142248
  ],
  "reward-averages": [
    0.5243202805499998
  ]
}