{
  "kFinFreq": [
    0.009300000000000001,
    0.029149999999999995,
    0.023549999999999995,
    0.029900000000000003,
    0.17,
    0.1392,
    0.009100000000000002,
    0.0231,
    0.1555,
    0.12325000000000001,
    0.1465,
    0.14145000000000002
  ],
  "kAvFreq": [
    0.014875143000000002,
    0.014822866999999993,
    0.016206029500000003,
    0.024549883999999994,
    0.12754701200000002,
    0.16854163149999996,
    0.008000357999999999,
    0.022983205499999992,
    0.13119550049999998,
    0.153065722,
    0.16092800500000004,
    0.15729464199999998
  ],
  "coop-rate": [
    0.36746018429999994
  ],
  "reward-averages": [
    0.4960712484000001
  ],
  "reward-variances": [
    0.5753567336883499
  ],
  "reward-final": [
    0.5396850000000004
  ]
}