{
  "kFinFreq": [
    0.1053,
    0.14120000000000002,
    0.1533,
    0.1766,
    0.21724999999999997,
    0.145,
    0.0008500000000000001,
    0.00035000000000000005,
    0.0004,
    0.0009000000000000001,
    0.00055,
    0.05829999999999999
  ],
  "reward-averages": [
    1.2691092091500005
  ],
  "reward-final": [
    1.2658049999999983
  ],
  "reward-variances": [
    6.460688441599267
  ],
  "kAvFreq": [
    0.06733152550000002,
    0.16574650100000002,
    0.1673971579999999,
    0.1832960980000001,
    0.17901437650000004,
    0.17524629249999996,
    0.0023538369999999992,
    0.002025954,
    0.002094785999999999,
    0.0027244890000000005,
    0.0037240010000000002,
    0.04905498149999999
  ],
  "coop-rate": [
    0.9400808925000002
  ]
}