{
  "reward-variances": [
    0.5738086967008251
  ],
  "kFinFreq": [
    0.006200000000000001,
    0.012349999999999998,
    0.030750000000000003,
    0.03315,
    0.1161,
    0.18380000000000002,
    0.0006499999999999999,
    0.011550000000000003,
    0.14879999999999996,
    0.13265000000000002,
    0.1202,
    0.20380000000000004
  ],
  "kAvFreq": [
    0.014589468999999997,
    0.015362193999999996,
    0.017982105999999998,
    0.0247340065,
    0.12580982799999998,
    0.1588598075,
    0.0080532315,
    0.021636551000000007,
    0.125820959,
    0.1631514185,
    0.16430719699999993,
    0.159703232
  ],
  "reward-averages": [
    0.4835545456500001
  ],
  "coop-rate": [
    0.3581885526
  ],
  "reward-final": [
    0.5175900000000003
  ]
}