{
  "reward-final": [
    1.1631168063010697
  ],
  "kAvFreq": [
    0.010650397278517078,
    0.0187822832519822,
    0.03663961574939741,
    0.06302737402297247,
    0.06953174390848935,
    0.06879166544983298,
    0.0008650454410006448,
    0.0011901179368831478,
    0.0036109694622973483,
    0.03240623561362911,
    0.05103301544906179,
    0.05677120908378468
  ],
  "reward-variances": [
    0.26946226722386024
  ],
  "kFinFreq": [
    0.10905095139429091,
    0.23934752975537477,
    0.30180144134844683,
    0.36019543306377444,
    0.39486325481108014,
    0.33926326061039974,
    0.018621224449536074,
    0.005063595560468865,
    0.10844404086901226,
    0.16218680587520057,
    0.2646247153989967,
    0.33555178437910294
  ],
  "coop-rate": [
    0.08732846920725632
  ],
  "reward-averages": [
    0.23578686483408343
  ]
}