{
  "coop-rate": [
    0.3826957713000001
  ],
  "reward-variances": [
    0.6462077410941499
  ],
  "reward-final": [
    0.4580550000000002
  ],
  "reward-averages": [
    0.5166392913000002
  ],
  "kFinFreq": [
    0.00030000000000000003,
    0.02875,
    0.030199999999999994,
    0.0197,
    0.1442,
    0.11455,
    0.0085,
    0.015499999999999996,
    0.14725,
    0.13405000000000003,
    0.14029999999999998,
    0.21669999999999998
  ],
  "kAvFreq": [
    0.015730718500000004,
    0.016495182999999993,
    0.020358430999999996,
    0.031425643999999996,
    0.1294546035,
    0.16827084000000006,
    0.007664373500000001,
    0.020973916499999995,
    0.11171315849999999,
    0.1469384765,
    0.1592689,
    0.17171575499999997
  ]
}