{
  "reward-averages": [
    0.1460564292111957
  ],
  "coop-rate": [
    0.054094972543005104
  ],
  "kFinFreq": [
    0.14790010141984353,
    0.24087249739229258,
    0.33971894265701463,
    0.4088513054889271,
    0.337315342076224,
    0.35014252812247754,
    0.01599249824136304,
    0.02006090725764914,
    0.04179413834498805,
    0.13924981148999807,
    0.1549235617974232,
    0.33624007792052396
  ],
  "reward-variances": [
    0.1781223719523789
  ],
  "kAvFreq": [
    0.011672174050419013,
    0.01800328731927086,
    0.052352802833063254,
    0.07056091366358078,
    0.06774362353045904,
    0.06243612573421015,
    0.0005543766947653915,
    0.0009083744196640502,
    0.0023031621415807875,
    0.01497468851794317,
    0.030495492061806448,
    0.04480623093479906
  ],
  "reward-final": [
    1.0532708267107753
  ]
}