{
  "kFinFreq": [
    0.2855170747958868,
    0.3375448266526981,
    0.35701275887564576,
    0.38163924064487914,
    0.3640060988500055,
    0.3901088437859362,
    0.01111035552986492,
    0.0198997487421324,
    0.0014,
    0.0014,
    0.0,
    0.21790355664834846
  ],
  "kAvFreq": [
    0.02551051771832902,
    0.05830963493652163,
    0.06564928549084795,
    0.06921406120730328,
    0.06978087224101387,
    0.06915800586700288,
    0.0004454411093511689,
    0.0003839003745817396,
    0.0006123555103989838,
    0.0006689825957048509,
    0.0008506200576162074,
    0.01968468914368891
  ],
  "coop-rate": [
    0.02063397159663429
  ],
  "reward-final": [
    0.5878204401856064
  ],
  "reward-averages": [
    0.05571172493970711
  ],
  "reward-variances": [
    0.4586862896569626
  ]
}