{
  "reward-averages": [
    0.4741811964
  ],
  "reward-final": [
    0.4385700000000002
  ],
  "kFinFreq": [
    0.0106,
    0.0213,
    0.0099,
    0.0416,
    0.14730000000000001,
    0.09339999999999998,
    0.006450000000000001,
    0.024400000000000005,
    0.16125,
    0.14149999999999996,
    0.11594999999999998,
    0.22635000000000002
  ],
  "kAvFreq": [
    0.014766435,
    0.014181562999999998,
    0.0171102035,
    0.02409409749999999,
    0.121124682,
    0.15904172100000002,
    0.007990964500000001,
    0.024771950499999997,
    0.13519647699999995,
    0.1622106445,
    0.1530216975,
    0.16649956400000004
  ],
  "reward-variances": [
    0.5533098390689999
  ],
  "coop-rate": [
    0.35124533219999987
  ]
}