{
  "kAvFreq": [
    0.013316746363207906,
    0.02311486491467722,
    0.05103251173998195,
    0.08169658112338637,
    0.06587129971055208,
    0.06853710124821401,
    0.0006234521559702877,
    0.0008838845304738624,
    0.0022948687678810745,
    0.013144010164100568,
    0.03599997763293654,
    0.044273366884432216
  ],
  "reward-averages": [
    0.16979199396635342
  ],
  "kFinFreq": [
    0.2059789066870683,
    0.11754705440801143,
    0.3920190173958401,
    0.3870970937633089,
    0.33544792442344906,
    0.35241844446623394,
    0.04683844574705698,
    0.03112298186228305,
    0.00818535277187245,
    0.14632757771520719,
    0.25754463690785717,
    0.2932832078384305
  ],
  "reward-variances": [
    0.2368047259536643
  ],
  "reward-final": [
    1.1219455699364387
  ],
  "coop-rate": [
    0.06288592592696449
  ]
}