{
  "kFinFreq": [
    0.1109,
    0.182,
    0.1372,
    0.13949999999999999,
    0.2368,
    0.17959999999999998,
    0.0009,
    0.0005,
    0.0006000000000000001,
    0.0015,
    0.008600000000000002,
    0.0019000000000000002
  ],
  "coop-rate": [
    0.9564746493000001
  ],
  "kAvFreq": [
    0.07518309000000001,
    0.17504037600000003,
    0.17575500100000002,
    0.18384002800000002,
    0.16580028100000008,
    0.17904372799999999,
    0.001818686,
    0.0013521930000000002,
    0.0012673769999999999,
    0.001402409,
    0.0017637999999999998,
    0.037743030999999996
  ],
  "reward-averages": [
    2.5824815514
  ],
  "reward-final": [
    2.667239999999996
  ],
  "reward-variances": [
    17.4874751567298
  ]
}