{
  "kFinFreq": [
    0.1959233523600492,
    0.40506655008776027,
    0.40041623343715727,
    0.37461094484811835,
    0.36885513416516247,
    0.32101800572553557,
    0.016438978070427615,
    0.0048774993593028795,
    0.0009949874371066201,
    0.00702566722810012,
    0.0009949874371066201,
    0.26252380844411044
  ],
  "coop-rate": [
    0.022284072483478003
  ],
  "reward-averages": [
    0.060167002599364645
  ],
  "reward-variances": [
    0.6683877182307141
  ],
  "kAvFreq": [
    0.034268399441449424,
    0.06411171567796373,
    0.07784644704296691,
    0.06671750150229215,
    0.07535550211496546,
    0.08037171216102652,
    0.0004846493659337645,
    0.0005722898570226455,
    0.0007004168475550828,
    0.0006141987284869613,
    0.0015987816362768245,
    0.020780688181152134
  ],
  "reward-final": [
    0.7314164118339157
  ]
}