{
  "kAvFreq": [
    0.034463237,
    0.07262380500000001,
    0.15515498800000005,
    0.18169611500000002,
    0.1837020320000001,
    0.1908676179999999,
    0.0028681819999999995,
    0.003044928000000001,
    0.00458473,
    0.018015437000000002,
    0.06286464300000003,
    0.09012428500000003
  ],
  "reward-variances": [
    3.315528103098501
  ],
  "coop-rate": [
    0.8202411570999999
  ],
  "kFinFreq": [
    0.023499999999999997,
    0.09139999999999998,
    0.22390000000000004,
    0.16579999999999998,
    0.13720000000000002,
    0.1421,
    0.002,
    0.0036,
    0.0075,
    0.0116,
    0.0867,
    0.1047
  ],
  "reward-averages": [
    2.2146511166999994
  ],
  "reward-final": [
    2.115269999999998
  ]
}