{
  "coop-rate": [
    0.9163098192537316
  ],
  "kFinFreq": [
    0.04417910447761194,
    0.15671641791044774,
    0.19388059701492538,
    0.12432835820895523,
    0.19940298507462687,
    0.22582089552238807,
    0.0,
    0.00029850746268656717,
    0.0,
    0.0011940298507462687,
    0.009104477611940298,
    0.04507462686567164
  ],
  "reward-final": [
    2.5515671641791036
  ],
  "kAvFreq": [
    0.05096536716417909,
    0.12840884776119407,
    0.18284754776119408,
    0.1833214567164179,
    0.19492142835820891,
    0.1740430626865672,
    0.0021841641791044784,
    0.0018859328358208948,
    0.0025047223880597016,
    0.005105419402985076,
    0.01828876417910448,
    0.0555332865671642
  ],
  "reward-averages": [
    2.474036513731344
  ],
  "reward-variances": [
    5.390829625381197
  ]
}