{
  "kAvFreq": [
    0.04610566399999999,
    0.14706939800000002,
    0.173635533,
    0.1718204949999999,
    0.18467080049999995,
    0.19198318849999998,
    0.002537630000000001,
    0.002575663,
    0.003978866500000001,
    0.006766766000000002,
    0.013838087500000002,
    0.05502790800000002
  ],
  "reward-averages": [
    1.23768937395
  ],
  "kFinFreq": [
    0.04460000000000001,
    0.17455,
    0.15885,
    0.11905000000000002,
    0.1497,
    0.22800000000000004,
    0.0006,
    0.0022500000000000003,
    0.004699999999999999,
    0.01375,
    0.01295,
    0.091
  ],
  "reward-variances": [
    4.320834474685617
  ],
  "reward-final": [
    1.1775149999999983
  ],
  "coop-rate": [
    0.9168069432999999
  ]
}