{
  "kFinFreq": [
    0.12525573839150045,
    0.01926239860453521,
    0.19299562171199636,
    0.36269375511580015,
    0.3594670916787794,
    0.3759070496811679,
    0.04789321455070645,
    0.060997950785251796,
    0.003919183588453085,
    0.19902009948746383,
    0.34548821977022603,
    0.3711841995559617
  ],
  "reward-variances": [
    0.24096516842519025
  ],
  "reward-averages": [
    0.21340334184033033
  ],
  "reward-final": [
    1.3071463518290523
  ],
  "kAvFreq": [
    0.011202647240003766,
    0.015891609375290345,
    0.0348125412916593,
    0.06554499602654573,
    0.07080568014967677,
    0.07172013580883388,
    0.0007107811212011754,
    0.0014102687952057223,
    0.0036069349869232467,
    0.02561566068400001,
    0.0496360738558363,
    0.050505571974837495
  ],
  "coop-rate": [
    0.07903827365635138
  ]
}