{
  "reward-final": [
    2.1534299999999984
  ],
  "reward-variances": [
    2.8764226211502
  ],
  "kFinFreq": [
    0.0533,
    0.0698,
    0.11469999999999998,
    0.19260000000000002,
    0.1858,
    0.1789,
    0.0075,
    0.0026,
    0.005,
    0.030599999999999995,
    0.0509,
    0.10830000000000001
  ],
  "reward-averages": [
    2.2269470363999995
  ],
  "kAvFreq": [
    0.03546366399999999,
    0.06746629700000002,
    0.14930350200000006,
    0.18768225400000002,
    0.18525453000000006,
    0.19794308999999996,
    0.002747005999999999,
    0.002885323999999999,
    0.005128808999999997,
    0.019094902,
    0.05581323500000001,
    0.09122738699999998
  ],
  "coop-rate": [
    0.8247951966000001
  ]
}