{
  "reward-final": [
    1.0511860183145514
  ],
  "reward-variances": [
    0.19352758553464866
  ],
  "kFinFreq": [
    0.20893565995301042,
    0.23445246853040383,
    0.3072961275382428,
    0.38258494481618066,
    0.38313752100257686,
    0.3736947818741921,
    0.04292726406376255,
    0.014874138630522442,
    0.026962937525425525,
    0.17050407619760885,
    0.19747959388250727,
    0.30639534918141303
  ],
  "reward-averages": [
    0.14140111426622565
  ],
  "kAvFreq": [
    0.013588869593594016,
    0.029047819067012433,
    0.059320236519081714,
    0.07093136946299348,
    0.06458799822594055,
    0.07312533553193927,
    0.0005379081519776401,
    0.0007741092349429762,
    0.0021395098952374583,
    0.011424261626914713,
    0.03155895269614115,
    0.04308189396696402
  ],
  "coop-rate": [
    0.05237077744144898
  ]
}