{
  "reward-variances": [
    2.8284011279522727
  ],
  "kFinFreq": [
    0.0022727272727272726,
    0.0659090909090909,
    0.15969696969696967,
    0.19499999999999998,
    0.2127272727272727,
    0.16393939393939394,
    0.008181818181818182,
    0.0021212121212121214,
    0.0013636363636363635,
    0.025909090909090913,
    0.06454545454545454,
    0.09833333333333334
  ],
  "reward-averages": [
    2.0868545549999995
  ],
  "reward-final": [
    2.1617727272727274
  ],
  "kAvFreq": [
    0.03272689090909091,
    0.05661710151515153,
    0.1394078803030303,
    0.1766014333333333,
    0.1808838212121212,
    0.18507117272727278,
    0.002973910606060605,
    0.0033280333333333325,
    0.006049416666666666,
    0.0272201712121212,
    0.07953495151515153,
    0.10959521666666672
  ],
  "coop-rate": [
    0.7729090953030304
  ]
}