{
  "reward-variances": [
    0.2385704956643491
  ],
  "kFinFreq": [
    0.011650914198160271,
    0.22529426731954885,
    0.3373064863716573,
    0.3818069082029752,
    0.40092901757666055,
    0.35179142747957565,
    0.0530554053142359,
    0.008619068274744178,
    0.008684078715701274,
    0.14159242909831526,
    0.23690032310108708,
    0.2795807647897187
  ],
  "reward-averages": [
    0.16301518688658415
  ],
  "reward-final": [
    1.0540288909192963
  ],
  "kAvFreq": [
    0.014125983534733207,
    0.02224391677365251,
    0.055176176770294016,
    0.07116240665100165,
    0.052406785305624815,
    0.0697451566549716,
    0.000574352627701935,
    0.0011805685832673933,
    0.002444798069964888,
    0.016218379519953963,
    0.03744609218924219,
    0.04795280168808537
  ],
  "coop-rate": [
    0.06037599456690338
  ]
}