{
  "kFinFreq": [
    0.10242968319779185,
    0.13525305911512686,
    0.22284476659773725,
    0.400660392352426,
    0.3495426154276471,
    0.41450957769392976,
    0.007701298591796062,
    0.018248287590894658,
    0.08058604097484874,
    0.22859857829829125,
    0.29475386341827653,
    0.2763456350297576
  ],
  "reward-variances": [
    0.21184647802065498
  ],
  "coop-rate": [
    0.06499241192760416
  ],
  "kAvFreq": [
    0.011458269742370835,
    0.0166902643542748,
    0.038900243502010254,
    0.06204708617625336,
    0.07277277383790436,
    0.060875037573965333,
    0.0006990084467665609,
    0.0013391736330289662,
    0.0033920307544236684,
    0.022751170999266192,
    0.04555110618032493,
    0.043097258093617745
  ],
  "reward-final": [
    1.160148175880995
  ],
  "reward-averages": [
    0.17547949982429967
  ]
}