{
  "kFinFreq": [
    0.007350000000000001,
    0.02245,
    0.008450000000000001,
    0.027449999999999995,
    0.12344999999999995,
    0.17205,
    0.0039000000000000003,
    0.0223,
    0.07684999999999999,
    0.16695000000000002,
    0.11054999999999998,
    0.25825
  ],
  "reward-variances": [
    0.6036875319680501
  ],
  "reward-averages": [
    0.5002459001999999
  ],
  "kAvFreq": [
    0.015377613500000005,
    0.015429327500000005,
    0.01719438849999999,
    0.02526499649999999,
    0.13396023149999997,
    0.16247765599999994,
    0.0076341849999999965,
    0.021647478499999998,
    0.12429871349999995,
    0.1528910165,
    0.16852691700000005,
    0.15530747600000003
  ],
  "reward-final": [
    0.48744000000000026
  ],
  "coop-rate": [
    0.3705525174999999
  ]
}