{
  "reward-averages": [
    1.8464953949999998
  ],
  "kAvFreq": [
    0.027643096000000006,
    0.04260409899999998,
    0.08335215799999998,
    0.1784706640000001,
    0.17116319700000002,
    0.179154996,
    0.0035333740000000015,
    0.0043092949999999994,
    0.008418033000000002,
    0.065867224,
    0.10931821399999998,
    0.12617565
  ],
  "coop-rate": [
    0.6838871848999999
  ],
  "reward-variances": [
    2.082038555648401
  ],
  "reward-final": [
    1.9024199999999991
  ],
  "kFinFreq": [
    0.0354,
    0.05859999999999999,
    0.09570000000000001,
    0.161,
    0.15750000000000003,
    0.1949,
    0.0019000000000000002,
    0.0062,
    0.008400000000000001,
    0.0298,
    0.14529999999999998,
    0.10529999999999999
  ]
}