{
  "reward-variances": [
    2.8311456391752
  ],
  "coop-rate": [
    0.8359205868000004
  ],
  "kFinFreq": [
    0.05469999999999999,
    0.07719999999999999,
    0.1677,
    0.18390000000000004,
    0.1488,
    0.25250000000000006,
    0.0007000000000000001,
    0.0014000000000000002,
    0.0015000000000000002,
    0.0213,
    0.043,
    0.047299999999999995
  ],
  "reward-final": [
    2.394719999999997
  ],
  "reward-averages": [
    2.256985584000001
  ],
  "kAvFreq": [
    0.03619559,
    0.06413825700000002,
    0.15627816900000002,
    0.17570641299999998,
    0.18012049900000002,
    0.22201706100000007,
    0.002585598,
    0.00276408,
    0.004461996,
    0.018157108999999994,
    0.05708029100000002,
    0.080504937
  ]
}