{
  "reward-averages": [
    2.163476955600001
  ],
  "kAvFreq": [
    0.03272226799999999,
    0.04715899400000002,
    0.127675397,
    0.1820020810000001,
    0.1924165159999999,
    0.2178630310000001,
    0.0026797139999999997,
    0.002882386999999999,
    0.0056294050000000005,
    0.02560815199999999,
    0.07249028699999999,
    0.09088176800000003
  ],
  "reward-final": [
    1.9577699999999985
  ],
  "coop-rate": [
    0.8012877597999997
  ],
  "kFinFreq": [
    0.0236,
    0.031100000000000003,
    0.1313,
    0.19860000000000003,
    0.10849999999999999,
    0.23199999999999998,
    0.0045000000000000005,
    0.0068000000000000005,
    0.0038,
    0.022599999999999988,
    0.06169999999999999,
    0.17550000000000002
  ],
  "reward-variances": [
    2.5836178080054
  ]
}