{
  "reward-averages": [
    0.15068493922935788
  ],
  "kAvFreq": [
    0.01173162816039513,
    0.015661018616308583,
    0.04976801763462848,
    0.07108571383862118,
    0.0649418451077835,
    0.07524635972529395,
    0.0005583343802812075,
    0.0009733402819831305,
    0.002379607218991193,
    0.012536019180293878,
    0.032749141778851715,
    0.03841895274164011
  ],
  "reward-final": [
    1.1647081166970548
  ],
  "coop-rate": [
    0.05580923377568339
  ],
  "kFinFreq": [
    0.10924760866948073,
    0.16620406132221918,
    0.32631167616253026,
    0.38534924419284905,
    0.28087497218513435,
    0.41169406116678436,
    0.019254869513969704,
    0.04460672595024208,
    0.0234,
    0.1325188288508467,
    0.22590287736104647,
    0.36976850866454275
  ],
  "reward-variances": [
    0.18088345594626898
  ]
}