{
  "reward-final": [
    1.0668291738029465
  ],
  "coop-rate": [
    0.054668118530091694
  ],
  "reward-averages": [
    0.14760392100966882
  ],
  "kFinFreq": [
    0.055889892708145775,
    0.3036892046019378,
    0.2447940473958761,
    0.40556141627957376,
    0.36688613425560535,
    0.3840537201601003,
    0.00763385782241458,
    0.025350297009626446,
    0.05106397474341499,
    0.13866482954269677,
    0.19456665124753206,
    0.29949619834391034
  ],
  "reward-variances": [
    0.29921936109476277
  ],
  "kAvFreq": [
    0.013625923257773145,
    0.035751458546450204,
    0.06165005516928199,
    0.08492887930637712,
    0.06040943790980266,
    0.06359793272809683,
    0.0005188724679915601,
    0.0007612958106112084,
    0.0018226901341427616,
    0.009302478848269154,
    0.030015595893381687,
    0.043643025424903927
  ]
}