{
  "reward-averages": [
    0.19318562925992552
  ],
  "kFinFreq": [
    0.1637700827379653,
    0.13651388207797768,
    0.31813360400938473,
    0.4041540671575631,
    0.395209109206759,
    0.34390886874286913,
    0.03980401989749277,
    0.02808629559055448,
    0.054006943997971235,
    0.1399892495872451,
    0.30285856434976377,
    0.280513386489843
  ],
  "coop-rate": [
    0.0715502304017314
  ],
  "reward-variances": [
    0.24736726086222832
  ],
  "kAvFreq": [
    0.011941874098952643,
    0.019824160293838326,
    0.05420049745462758,
    0.0753402978464906,
    0.07286201019877184,
    0.07417666027050754,
    0.0007168927716827671,
    0.00116306950893573,
    0.0026890050222310854,
    0.018500067943131318,
    0.042304910591392714,
    0.05136815193017541
  ],
  "reward-final": [
    1.1118595009712333
  ]
}