{
  "reward-variances": [
    1.420809625074858
  ],
  "kAvFreq": [
    0.026833303005340297,
    0.07263476753303055,
    0.07128675418627865,
    0.07082830903287511,
    0.07717034506729151,
    0.0713246069494623,
    0.0003041887416266627,
    0.0003682204800209835,
    0.000608047905424162,
    0.0009102084159190635,
    0.002549999933588422,
    0.01991203418624535
  ],
  "reward-averages": [
    0.05727114059337871
  ],
  "reward-final": [
    0.5580305253976368
  ],
  "coop-rate": [
    0.021211538322537218
  ],
  "kFinFreq": [
    0.29893633370770384,
    0.3881561303842978,
    0.3800901512225225,
    0.36031946667698167,
    0.35520080195944215,
    0.34116086074262814,
    0.002694846281383252,
    0.0072752582728083225,
    0.010912887409212483,
    0.012167612371456011,
    0.0,
    0.20600194433373795
  ]
}