{
  "reward-averages": [
    0.14402041336804158
  ],
  "reward-final": [
    0.9778192926609702
  ],
  "kAvFreq": [
    0.012504716124993641,
    0.024837658161205034,
    0.05913359726693849,
    0.06289225898105645,
    0.07383547941210905,
    0.07353225339955301,
    0.0005249144797726578,
    0.0007793788536161344,
    0.0022091338172134344,
    0.01206740971199271,
    0.030868170391678402,
    0.03906754684605242
  ],
  "reward-variances": [
    0.18397265698322451
  ],
  "kFinFreq": [
    0.20027590968461484,
    0.2715333497012844,
    0.323960043832569,
    0.3018649366852666,
    0.35691280447750817,
    0.4105831340910145,
    0.018431223507949766,
    0.03081817645481316,
    0.08442013977718824,
    0.1585750295601423,
    0.2313245339344705,
    0.1980867486734032
  ],
  "coop-rate": [
    0.05334089711749017
  ]
}