{
  "reward-variances": [
    2.0940028358803
  ],
  "kFinFreq": [
    0.0197,
    0.08299999999999999,
    0.12079999999999996,
    0.17380000000000004,
    0.1431,
    0.1566,
    0.0034999999999999996,
    0.0034000000000000007,
    0.0062,
    0.0808,
    0.0779,
    0.13120000000000004
  ],
  "coop-rate": [
    0.6827622401000001
  ],
  "reward-final": [
    1.8836099999999991
  ],
  "reward-averages": [
    1.8434580470999997
  ],
  "kAvFreq": [
    0.029405373000000002,
    0.04001206399999999,
    0.07874278100000001,
    0.18766553700000008,
    0.173139571,
    0.17228560800000006,
    0.003585413999999999,
    0.003964259,
    0.008905451000000002,
    0.05751054900000001,
    0.118297123,
    0.12649627000000002
  ]
}