{
  "kAvFreq": [
    0.02813599500000001,
    0.03822527599999999,
    0.07699281699999999,
    0.182707628,
    0.168617781,
    0.188021229,
    0.003510075000000002,
    0.004038814,
    0.008519071,
    0.057583415999999985,
    0.11093469599999997,
    0.13272320199999996
  ],
  "reward-variances": [
    2.0814365421266006
  ],
  "reward-averages": [
    1.8472746060000005
  ],
  "reward-final": [
    1.974869999999998
  ],
  "kFinFreq": [
    0.0573,
    0.043,
    0.0404,
    0.21980000000000005,
    0.15680000000000002,
    0.2137,
    0.0019,
    0.0031,
    0.008100000000000001,
    0.01,
    0.10949999999999999,
    0.1364
  ],
  "coop-rate": [
    0.6841757777
  ]
}