{
  "reward-final": [
    2.501189999999996
  ],
  "coop-rate": [
    0.9440534266999997
  ],
  "kFinFreq": [
    0.0909,
    0.1714,
    0.1464,
    0.17379999999999998,
    0.22400000000000003,
    0.12059999999999998,
    0.0006000000000000001,
    0.0002,
    0.002,
    0.0,
    0.0001,
    0.07
  ],
  "reward-variances": [
    11.855270776727401
  ],
  "kAvFreq": [
    0.07143853200000003,
    0.16730705200000007,
    0.16684784400000002,
    0.17431245099999992,
    0.170173864,
    0.19255385500000005,
    0.001645382,
    0.0013919509999999993,
    0.0016123180000000002,
    0.0021490270000000004,
    0.0037552269999999973,
    0.04682249700000002
  ],
  "reward-averages": [
    2.548944261000001
  ]
}