{
  "coop-rate": [
    0.9267097708000002
  ],
  "reward-averages": [
    1.2510581868000001
  ],
  "kAvFreq": [
    0.0556383355,
    0.169436541,
    0.18853810450000005,
    0.162165797,
    0.16663759549999999,
    0.182359085,
    0.002544918499999999,
    0.0024015480000000007,
    0.0030777530000000003,
    0.004864045000000001,
    0.008576038000000001,
    0.05377023900000001
  ],
  "reward-variances": [
    5.119747379794692
  ],
  "kFinFreq": [
    0.045549999999999986,
    0.14400000000000002,
    0.2159,
    0.1702,
    0.17454999999999998,
    0.1935,
    0.0024,
    0.00125,
    0.009250000000000001,
    0.0002,
    0.022099999999999998,
    0.021099999999999997
  ],
  "reward-final": [
    1.2784499999999985
  ]
}