{
  "coop-rate": [
    0.03493606660945335
  ],
  "reward-averages": [
    0.04716368129288761
  ],
  "kAvFreq": [
    0.020308173606569467,
    0.06530136248387103,
    0.076188918052498,
    0.059138326385241836,
    0.07045975478767404,
    0.07173632345932063,
    0.0005701359767483104,
    0.0009202709558309444,
    0.0016875852569102992,
    0.00313467942906049,
    0.005534190019565285,
    0.03134402925828504
  ],
  "reward-variances": [
    0.5357467065048478
  ],
  "kFinFreq": [
    0.16648858068948752,
    0.3152998572787498,
    0.3870215627067825,
    0.3529191975509408,
    0.37202022458463196,
    0.3672100897306609,
    0.01637803407005859,
    0.007154544010627093,
    0.06105479096680293,
    0.0009797958971132714,
    0.10546369043419636,
    0.1353136726277134
  ],
  "reward-final": [
    0.23972163544411257
  ]
}