{
  "reward-variances": [
    3.7687392818641006
  ],
  "coop-rate": [
    0.8641021857999995
  ],
  "kAvFreq": [
    0.038501355,
    0.091533889,
    0.161221756,
    0.18739784900000003,
    0.18926442399999993,
    0.1948114489999999,
    0.0022827639999999996,
    0.002518785999999999,
    0.0038749460000000006,
    0.011409355999999999,
    0.04078000000000001,
    0.07641342599999996
  ],
  "kFinFreq": [
    0.0515,
    0.0907,
    0.2244,
    0.1341,
    0.1832,
    0.16829999999999998,
    0.0032999999999999995,
    0.0034,
    0.005600000000000001,
    0.0098,
    0.039999999999999994,
    0.0857
  ],
  "reward-final": [
    2.3036399999999975
  ],
  "reward-averages": [
    2.3330758850999995
  ]
}