{
  "kFinFreq": [
    0.04806506007486103,
    0.12792469464493553,
    0.14596625466182245,
    0.15804825212573534,
    0.3040430027150765,
    0.3764445510297632,
    0.04090708985004922,
    0.042171198702431974,
    0.36233608707938547,
    0.279263007754339,
    0.29306782491430206,
    0.3395081147778356
  ],
  "reward-final": [
    0.6420460516777593
  ],
  "kAvFreq": [
    0.0058660525040673435,
    0.006671683513967427,
    0.007156269527974387,
    0.013841786586296754,
    0.056475558464818956,
    0.06976792396096987,
    0.0013041465502077402,
    0.005335198458026163,
    0.03916411676831371,
    0.06129634144691587,
    0.062253602119353456,
    0.0551384448173386
  ],
  "coop-rate": [
    0.08720112344006833
  ],
  "reward-averages": [
    0.11772151592484557
  ],
  "reward-variances": [
    0.1514786216329679
  ]
}