{
  "kAvFreq": [
    0.010755382644801624,
    0.013496325089683339,
    0.03449970407217639,
    0.0683880901373938,
    0.06767855128575215,
    0.06151718034966187,
    0.0008006804563988058,
    0.001268972767844527,
    0.003099128893672543,
    0.02927773919029022,
    0.04463242910447312,
    0.052509072244830715
  ],
  "kFinFreq": [
    0.15363264627025078,
    0.167793772232464,
    0.2563982059219604,
    0.3989022311293834,
    0.348018318483381,
    0.40284071293750834,
    0.03447477338576717,
    0.024745908752761534,
    0.046786643393173656,
    0.21356881794868837,
    0.2855464060358666,
    0.27294283284233717
  ],
  "reward-final": [
    1.1358349439949451
  ],
  "reward-variances": [
    0.20533271371598422
  ],
  "reward-averages": [
    0.18147424774831822
  ],
  "coop-rate": [
    0.0672126844615451
  ]
}