{
  "kFinFreq": [
    0.054849999999999996,
    0.1948,
    0.18765,
    0.13020000000000004,
    0.20435000000000003,
    0.17354999999999998,
    0.0006,
    0.0029500000000000004,
    0.0017500000000000003,
    0.0005499999999999999,
    0.0030499999999999998,
    0.04569999999999999
  ],
  "reward-variances": [
    6.992712402404116
  ],
  "reward-averages": [
    1.2758288539499996
  ],
  "kAvFreq": [
    0.068197115,
    0.18211023050000003,
    0.16168420850000004,
    0.16638033600000005,
    0.1850007855,
    0.17944275450000005,
    0.0024349309999999996,
    0.0019256170000000001,
    0.0019757049999999995,
    0.001963753,
    0.0028154155,
    0.0460791485
  ],
  "reward-final": [
    1.276244999999998
  ],
  "coop-rate": [
    0.9450584087
  ]
}