{
  "kAvFreq": [
    0.06519942699999999,
    0.1630909765,
    0.16923661150000005,
    0.19136239250000003,
    0.1735824665,
    0.18197315949999995,
    0.0023941865000000006,
    0.0019095860000000009,
    0.0019991960000000004,
    0.002135555,
    0.0028820750000000013,
    0.04424436800000001
  ],
  "reward-final": [
    1.2941549999999982
  ],
  "kFinFreq": [
    0.09630000000000002,
    0.17804999999999999,
    0.2018,
    0.19030000000000002,
    0.16005,
    0.13185,
    0.0012000000000000003,
    0.0032,
    0.0009500000000000001,
    0.010050000000000002,
    0.0008500000000000002,
    0.025399999999999995
  ],
  "reward-averages": [
    1.2778486627500003
  ],
  "coop-rate": [
    0.9465545652000003
  ],
  "reward-variances": [
    6.763089129561616
  ]
}