{
  "kAvFreq": [
    0.02538810655505981,
    0.06517951963839656,
    0.06436957413970588,
    0.06311359362085214,
    0.06664994429602888,
    0.06298623405309199,
    0.0005176317919551986,
    0.0004809998237047494,
    0.0007363357613100154,
    0.0009722019138147178,
    0.0015798747296621337,
    0.02236605586118339
  ],
  "reward-final": [
    0.23907758881794006
  ],
  "kFinFreq": [
    0.27773784401841967,
    0.37386354128211,
    0.3827750775586101,
    0.37886397295071483,
    0.360028120429502,
    0.33503854628982616,
    0.008692525524840292,
    0.02041470058560742,
    0.008476290462224617,
    0.09312490268451291,
    0.0045855752092840004,
    0.14661289165690716
  ],
  "reward-averages": [
    0.03271998687087745
  ],
  "coop-rate": [
    0.024237027519800256
  ],
  "reward-variances": [
    0.32925988015234736
  ]
}