{
  "coop-rate": [
    0.6900497680000004
  ],
  "kAvFreq": [
    0.029398568000000003,
    0.039141224999999995,
    0.08555101199999994,
    0.17921673799999996,
    0.17531203399999998,
    0.17991901200000004,
    0.00350899,
    0.0042050180000000005,
    0.008439775000000002,
    0.06243691400000001,
    0.110539945,
    0.122340769
  ],
  "reward-final": [
    1.9207799999999986
  ],
  "reward-averages": [
    1.8631343681999994
  ],
  "reward-variances": [
    2.0929175409496
  ],
  "kFinFreq": [
    0.04329999999999999,
    0.0254,
    0.10909999999999999,
    0.147,
    0.24110000000000004,
    0.1382,
    0.008,
    0.0016,
    0.0118,
    0.0361,
    0.06969999999999998,
    0.16869999999999996
  ]
}