{
  "reward-variances": [
    0.13731760530902298
  ],
  "kFinFreq": [
    0.04756826673319094,
    0.10457498505856934,
    0.12217360598754544,
    0.13638272434586426,
    0.3544553427443293,
    0.3431036687358502,
    0.04866402675488332,
    0.08538411737554004,
    0.25088294083097795,
    0.34328041016055666,
    0.35084744191742373,
    0.3248949214746208
  ],
  "coop-rate": [
    0.08204545242408114
  ],
  "kAvFreq": [
    0.00625949948376913,
    0.006412092637310849,
    0.0075425508212387275,
    0.014274869815618286,
    0.05967324126508443,
    0.06514559383121725,
    0.0015348081508594976,
    0.006154683263293795,
    0.045671679505385705,
    0.06304391140488083,
    0.06073115504664773,
    0.05191962565598124
  ],
  "reward-averages": [
    0.1107613579319008
  ],
  "reward-final": [
    0.6509019022863584
  ]
}