{
  "coop-rate": [
    0.9332518443000002
  ],
  "reward-final": [
    1.3093199999999983
  ],
  "kAvFreq": [
    0.06117916650000001,
    0.1784451205,
    0.17136047599999987,
    0.16967611149999995,
    0.1772794515,
    0.1732967335,
    0.0023757309999999994,
    0.002224004,
    0.0027873574999999996,
    0.0036859255,
    0.006316190500000002,
    0.05138373199999999
  ],
  "kFinFreq": [
    0.0501,
    0.22294999999999998,
    0.1364,
    0.16195,
    0.18904999999999997,
    0.2048,
    0.00615,
    0.0001,
    0.0037,
    0.0059,
    0.0010500000000000002,
    0.01785
  ],
  "reward-variances": [
    5.630099211904192
  ],
  "reward-averages": [
    1.2598899912000001
  ]
}