{
  "reward-final": [
    2.1174299999999975
  ],
  "reward-averages": [
    2.181205985399999
  ],
  "coop-rate": [
    0.8078540658999998
  ],
  "kAvFreq": [
    0.03261273699999999,
    0.06767781900000001,
    0.13919337499999998,
    0.179298154,
    0.19518757100000006,
    0.19225514199999996,
    0.0028493409999999996,
    0.0031848629999999996,
    0.005025476,
    0.017583477,
    0.07067128199999999,
    0.09447076299999999
  ],
  "kFinFreq": [
    0.0147,
    0.086,
    0.1833,
    0.149,
    0.18880000000000002,
    0.1585,
    0.004,
    0.0016,
    0.0021000000000000003,
    0.011300000000000001,
    0.1396,
    0.0611
  ],
  "reward-variances": [
    3.1890611499172
  ]
}