{
  "reward-final": [
    1.0485388730991332
  ],
  "kAvFreq": [
    0.010520614249250089,
    0.019551285616705518,
    0.04899035776659398,
    0.05763573509347078,
    0.08328256654940511,
    0.0658469412305697,
    0.0006817589312242268,
    0.0010793878686070175,
    0.0027793828907171103,
    0.01713286481331628,
    0.039831367912002355,
    0.051576262152814606
  ],
  "reward-variances": [
    0.2717348110744671
  ],
  "kFinFreq": [
    0.09476096242651823,
    0.1850081079304364,
    0.3519070758026897,
    0.38456961658456584,
    0.3490811367003379,
    0.3866008147947958,
    0.05194227565288221,
    0.020132312336142613,
    0.0053394756296849975,
    0.14189048593898043,
    0.2481202128001667,
    0.274415451460008
  ],
  "coop-rate": [
    0.07585734369742601
  ],
  "reward-averages": [
    0.20481482469354767
  ]
}