{
  "kFinFreq": [
    0.055199999999999985,
    0.031,
    0.09709999999999999,
    0.2122,
    0.1559,
    0.15020000000000003,
    0.0049,
    0.0002,
    0.004399999999999999,
    0.039099999999999996,
    0.07890000000000001,
    0.1709
  ],
  "kAvFreq": [
    0.031132269000000008,
    0.03814036799999999,
    0.08276965899999997,
    0.192723623,
    0.17781631500000003,
    0.16444682700000002,
    0.003473433,
    0.004096677999999999,
    0.008566466999999998,
    0.06319637300000001,
    0.11070337099999998,
    0.122944617
  ],
  "reward-averages": [
    1.8589927346999997
  ],
  "reward-variances": [
    2.106405303406899
  ],
  "coop-rate": [
    0.6885158277000003
  ],
  "reward-final": [
    1.8984599999999983
  ]
}