{
  "kAvFreq": [
    0.028382960061819767,
    0.07300042922498658,
    0.06916651850808837,
    0.06668781555937794,
    0.06788845109440159,
    0.07413160464884447,
    0.0004182660594836736,
    0.0005504241006206033,
    0.0008138918830035104,
    0.001327961428660863,
    0.0032872114515636198,
    0.02778493385355558
  ],
  "reward-final": [
    0.6870558913945793
  ],
  "coop-rate": [
    0.029984726414890382
  ],
  "reward-variances": [
    2.842523988283727
  ],
  "reward-averages": [
    0.08095875543997744
  ],
  "kFinFreq": [
    0.22914484502165872,
    0.3731875667811027,
    0.34579988432618075,
    0.3641886736294801,
    0.35248652456512436,
    0.3981911475660904,
    0.02300086954878011,
    0.002598076211353316,
    0.018172506706560874,
    0.0022158519806160337,
    0.0019899748742132402,
    0.251878442904509
  ]
}