{
  "reward-variances": [
    3.1266150207778787
  ],
  "coop-rate": [
    0.8023995116666669
  ],
  "reward-final": [
    2.1545454545454548
  ],
  "reward-averages": [
    2.166478658181819
  ],
  "kFinFreq": [
    0.054090909090909085,
    0.08636363636363636,
    0.19272727272727275,
    0.11227272727272726,
    0.18378787878787878,
    0.16333333333333336,
    0.006818181818181818,
    0.0013636363636363637,
    0.0007575757575757576,
    0.009545454545454546,
    0.04681818181818182,
    0.14212121212121212
  ],
  "kAvFreq": [
    0.033360724242424235,
    0.06590859696969699,
    0.1335652303030303,
    0.17954942575757576,
    0.19322916363636364,
    0.19514182424242424,
    0.0028954303030303027,
    0.003021857575757577,
    0.005153277272727272,
    0.02002126212121211,
    0.06827936060606062,
    0.09988384696969699
  ]
}