{
  "reward-variances": [
    0.2759087580988338
  ],
  "coop-rate": [
    0.06054864267962909
  ],
  "reward-final": [
    1.0415977991559946
  ],
  "reward-averages": [
    0.16348133472686718
  ],
  "kFinFreq": [
    0.21275236189784816,
    0.2566782938942711,
    0.3858031585342274,
    0.3044109834285812,
    0.3684972149539719,
    0.3638195245786659,
    0.044249947471603504,
    0.006716412199788334,
    0.006107771021438296,
    0.07572741823988348,
    0.19667046034534974,
    0.3420770564950958
  ],
  "kAvFreq": [
    0.011540892257902039,
    0.030949787154028827,
    0.047954990171741346,
    0.07750325638046347,
    0.07763706128006025,
    0.07136509613684572,
    0.0006858005090203969,
    0.0009124747895331229,
    0.0024012340390393116,
    0.013405419045497361,
    0.03823028656127938,
    0.04770376652149216
  ]
}