{
  "reward-averages": [
    2.635585855522388
  ],
  "reward-variances": [
    17.64239945380269
  ],
  "coop-rate": [
    0.9761429065671642
  ],
  "kAvFreq": [
    0.08517635970149254,
    0.1882477880597015,
    0.1832323253731343,
    0.16931653582089548,
    0.1812838985074626,
    0.1679260537313433,
    0.0009678656716417911,
    0.0008221791044776118,
    0.0007265253731343286,
    0.0006949537313432837,
    0.0009035940298507463,
    0.02071192089552239
  ],
  "kFinFreq": [
    0.10537313432835821,
    0.1480597014925373,
    0.16373134328358208,
    0.17164179104477612,
    0.18417910447761193,
    0.22313432835820896,
    0.0,
    0.002238805970149254,
    0.00029850746268656717,
    0.0,
    0.0013432835820895521,
    0.0
  ],
  "reward-final": [
    2.6935522388059683
  ]
}