{
  "reward-averages": [
    0.03682916821660572
  ],
  "reward-variances": [
    2.815673522685927
  ],
  "coop-rate": [
    0.01364043748496727
  ],
  "kAvFreq": [
    0.03407661740729269,
    0.06595508454779904,
    0.0714474571834944,
    0.06190415178572725,
    0.0670307095584754,
    0.06813095600890656,
    0.0002853015987589268,
    0.00035214118671957794,
    0.00045338224864462307,
    0.00031153587720290666,
    0.0006150398399619952,
    0.013164268103576703
  ],
  "kFinFreq": [
    0.3029375008603085,
    0.3535797269377918,
    0.3595720334321814,
    0.3666695491222425,
    0.3823499579045953,
    0.41317918831589845,
    0.0,
    0.018188145682020807,
    0.0024250860909361075,
    0.0,
    0.007510295895766641,
    0.0
  ],
  "reward-final": [
    0.031091719674234523
  ]
}