{
  "kFinFreq": [
    0.0265,
    0.0292,
    0.066,
    0.1941,
    0.1393,
    0.1827,
    0.0034999999999999996,
    0.0017000000000000001,
    0.0268,
    0.0489,
    0.1308,
    0.15049999999999997
  ],
  "kAvFreq": [
    0.028280427,
    0.03712861400000001,
    0.07790441099999999,
    0.17510872100000005,
    0.1740406650000001,
    0.17451777100000002,
    0.0035652699999999976,
    0.004294411000000001,
    0.008820281000000001,
    0.062537359,
    0.11562741500000005,
    0.13818465499999996
  ],
  "reward-variances": [
    2.0152076999066004
  ],
  "reward-averages": [
    1.8047736989999998
  ],
  "reward-final": [
    1.723139999999999
  ],
  "coop-rate": [
    0.6684347073999998
  ]
}