{
  "reward-variances": [
    0.7263942031060003
  ],
  "reward-averages": [
    0.5642437427999998
  ],
  "kFinFreq": [
    0.0084,
    0.0144,
    0.025699999999999997,
    0.0495,
    0.14764999999999998,
    0.17445000000000005,
    0.014750000000000001,
    0.025199999999999997,
    0.09405000000000001,
    0.12140000000000002,
    0.14994999999999997,
    0.17455
  ],
  "kAvFreq": [
    0.0169407645,
    0.018261390500000002,
    0.019326021500000005,
    0.031735654999999995,
    0.150457555,
    0.18034549399999997,
    0.007175202499999995,
    0.019350557000000004,
    0.11435546350000003,
    0.14448847799999998,
    0.14598603350000003,
    0.15158738499999996
  ],
  "coop-rate": [
    0.41795832559999996
  ],
  "reward-final": [
    0.5670900000000004
  ]
}