{
  "reward-variances": [
    0.1603959404657828
  ],
  "reward-averages": [
    0.12377005472421262
  ],
  "kFinFreq": [
    0.06156654935920967,
    0.08841459155591909,
    0.11604744719294777,
    0.1946747287143352,
    0.3357673711068424,
    0.36579085212727774,
    0.06132444455516903,
    0.09013578645576906,
    0.2576525713048484,
    0.29632252698706524,
    0.3417853822210657,
    0.35006220518644965
  ],
  "kAvFreq": [
    0.0061010389002951575,
    0.007669856624565074,
    0.0074256985015931495,
    0.013163934355046557,
    0.06590909509976772,
    0.07267815108035712,
    0.0014384260477406372,
    0.006285321835252432,
    0.047395806390550445,
    0.06238258596434798,
    0.058751912178170024,
    0.05623189273232073
  ],
  "coop-rate": [
    0.09168151910773849
  ],
  "reward-final": [
    0.6451433847603183
  ]
}