{
  "reward-averages": [
    0.2097056713677345
  ],
  "reward-final": [
    1.1603670227992522
  ],
  "coop-rate": [
    0.07766877042057133
  ],
  "reward-variances": [
    0.24901842358788215
  ],
  "kFinFreq": [
    0.13517899245075027,
    0.1482013495215209,
    0.2977983210160863,
    0.40339374065545436,
    0.3624828133856831,
    0.3630212665946721,
    0.015058552387264851,
    0.01834638929053889,
    0.05745772358873958,
    0.23525552065785832,
    0.2889338332559896,
    0.2771097977336781
  ],
  "kAvFreq": [
    0.011259000404738423,
    0.017508132083101813,
    0.03651930444916468,
    0.06971462832784665,
    0.06053257143649676,
    0.06731514992487127,
    0.000809825126887898,
    0.0011373926090510699,
    0.0026761919757182966,
    0.03046372110145737,
    0.048389570692546964,
    0.04982730255015315
  ]
}