{
  "reward-variances": [
    2.0936106587365995
  ],
  "kAvFreq": [
    0.02852433300000001,
    0.03869644800000001,
    0.07924811,
    0.18059515199999995,
    0.1900628119999999,
    0.17712898500000002,
    0.003491650000000001,
    0.004366570000000001,
    0.008212923000000004,
    0.06411557299999995,
    0.11062497700000001,
    0.11494246699999996
  ],
  "reward-final": [
    1.8686699999999987
  ],
  "coop-rate": [
    0.6958040850999998
  ],
  "reward-averages": [
    1.8786710141999998
  ],
  "kFinFreq": [
    0.0231,
    0.0248,
    0.0685,
    0.1386,
    0.1748,
    0.2602999999999999,
    0.0001,
    0.0029000000000000002,
    0.0121,
    0.086,
    0.10459999999999998,
    0.1042
  ]
}