{
  "reward-variances": [
    0.19890736429147252
  ],
  "kAvFreq": [
    0.010647634099217112,
    0.015061514862280486,
    0.032009523587062334,
    0.0670761192867096,
    0.06480468721600358,
    0.0638735968516998,
    0.0008396177507056411,
    0.0012990396448530738,
    0.0033449791168512545,
    0.029075320641320037,
    0.045649965687410664,
    0.04287945178469066
  ],
  "reward-final": [
    1.2252948221142534
  ],
  "coop-rate": [
    0.06613582339091931
  ],
  "reward-averages": [
    0.17856672312602395
  ],
  "kFinFreq": [
    0.14068898322185713,
    0.14019614830657795,
    0.23784606366303396,
    0.33156000965134497,
    0.36456132543098974,
    0.41818525798980527,
    0.0009949874371066201,
    0.020064645523905973,
    0.07442170382354868,
    0.2673723994730945,
    0.2993506973434336,
    0.28771576251571623
  ]
}