{
  "kAvFreq": [
    0.0471829045,
    0.16607060050000005,
    0.17801181350000003,
    0.17945611250000007,
    0.17890217899999994,
    0.1803389295,
    0.002555094999999999,
    0.002357285,
    0.0032735079999999996,
    0.005541029500000004,
    0.009354865,
    0.046965678000000004
  ],
  "reward-final": [
    1.2481649999999984
  ],
  "coop-rate": [
    0.9316161001999999
  ],
  "reward-variances": [
    4.681330262034593
  ],
  "reward-averages": [
    1.2576817395000002
  ],
  "kFinFreq": [
    0.05474999999999999,
    0.14325000000000002,
    0.17305,
    0.13815,
    0.2772,
    0.13525,
    0.004300000000000001,
    0.00135,
    0.00135,
    0.01215,
    0.00995,
    0.04924999999999999
  ]
}