{
  "reward-variances": [
    3.2561245133078978
  ],
  "reward-averages": [
    2.3810781537
  ],
  "kFinFreq": [
    0.022000000000000002,
    0.11779999999999999,
    0.17550000000000002,
    0.25049999999999994,
    0.1233,
    0.1752,
    0.0012999999999999997,
    0.0,
    0.0028000000000000004,
    0.0302,
    0.026799999999999997,
    0.07459999999999999
  ],
  "coop-rate": [
    0.8818807965000005
  ],
  "kAvFreq": [
    0.048220349,
    0.11295779399999996,
    0.16959361699999997,
    0.16131971399999998,
    0.186659313,
    0.201203318,
    0.0026261950000000004,
    0.0029481340000000007,
    0.004906540000000002,
    0.017543355999999993,
    0.04055775600000001,
    0.051473914000000016
  ],
  "reward-final": [
    2.3345999999999965
  ]
}