{
  "reward-averages": [
    0.12020208047266819
  ],
  "coop-rate": [
    0.08903857513574445
  ],
  "reward-final": [
    0.652672645263305
  ],
  "kFinFreq": [
    0.007539728111808806,
    0.04709235606762524,
    0.11167250109136088,
    0.1754469720456868,
    0.3708620869002384,
    0.3396908300204761,
    0.0639206343835854,
    0.062117952316540506,
    0.27118445751923176,
    0.3162027632706583,
    0.3074642255612838,
    0.3353239142978025
  ],
  "kAvFreq": [
    0.005938372315024211,
    0.007043742264975983,
    0.008229854148836053,
    0.011855908832296282,
    0.06145741261816448,
    0.06726527635877091,
    0.0012902789511593025,
    0.007299085496226137,
    0.0473837821950012,
    0.05966672040688778,
    0.06459984089964114,
    0.06266527460080425
  ],
  "reward-variances": [
    0.1469251218129385
  ]
}