{
  "reward-final": [
    0.3780450000000002
  ],
  "kFinFreq": [
    0.0163,
    0.00635,
    0.012750000000000001,
    0.03105,
    0.10620000000000002,
    0.10860000000000002,
    0.0038,
    0.0264,
    0.1464,
    0.21255000000000002,
    0.13230000000000003,
    0.19729999999999998
  ],
  "reward-averages": [
    0.4671323446500001
  ],
  "reward-variances": [
    0.5380210401723752
  ],
  "kAvFreq": [
    0.0135297055,
    0.014493464999999997,
    0.016288855499999998,
    0.023865004999999998,
    0.13004144799999998,
    0.1468637935000001,
    0.008351072499999999,
    0.024528607499999997,
    0.1376421215,
    0.15645232199999998,
    0.16671618300000002,
    0.16123742100000005
  ],
  "coop-rate": [
    0.3460239578
  ]
}