{
  "reward-variances": [
    2.6812827067322003
  ],
  "coop-rate": [
    0.8186198013999997
  ],
  "kFinFreq": [
    0.0433,
    0.0335,
    0.10800000000000001,
    0.24859999999999996,
    0.2149,
    0.2236,
    0.0023,
    0.0005,
    0.010499999999999999,
    0.017800000000000003,
    0.0479,
    0.049100000000000005
  ],
  "reward-averages": [
    2.210273474399999
  ],
  "kAvFreq": [
    0.03321969099999999,
    0.057087412000000004,
    0.13835181699999996,
    0.19305042599999997,
    0.189719597,
    0.20564230499999986,
    0.0027295049999999997,
    0.002994467000000001,
    0.005594952999999998,
    0.019830196999999997,
    0.064585351,
    0.08720427900000001
  ],
  "reward-final": [
    2.358359999999997
  ]
}