{
  "kFinFreq": [
    0.022299999999999997,
    0.0268,
    0.07039999999999999,
    0.1269,
    0.1974,
    0.2548,
    0.0017,
    0.0060999999999999995,
    0.0136,
    0.039099999999999996,
    0.11870000000000001,
    0.1222
  ],
  "reward-final": [
    1.8861299999999992
  ],
  "coop-rate": [
    0.6961270799999998
  ],
  "reward-averages": [
    1.8795431034
  ],
  "reward-variances": [
    2.1794954835908
  ],
  "kAvFreq": [
    0.028139713,
    0.043657790999999994,
    0.08831370199999995,
    0.172918067,
    0.180093693,
    0.18148884600000004,
    0.0034260930000000016,
    0.0038758229999999987,
    0.008638085999999998,
    0.052226533,
    0.11294788500000001,
    0.12428376800000002
  ]
}