{
  "kFinFreq": [
    0.1263554905811378,
    0.14350526122759402,
    0.23799126034373613,
    0.3171141592549913,
    0.3896475843631011,
    0.42700697886568556,
    0.01233328828820603,
    0.050633881936900715,
    0.0688116269245249,
    0.18686409499954773,
    0.32033000171697934,
    0.3169750147882322
  ],
  "reward-final": [
    1.211080514705773
  ],
  "coop-rate": [
    0.06653337294903484
  ],
  "reward-averages": [
    0.17964010840224282
  ],
  "reward-variances": [
    0.20804732969219308
  ],
  "kAvFreq": [
    0.01155411306131851,
    0.015952103514421508,
    0.0427033264060775,
    0.07109866597429246,
    0.06880177739932197,
    0.07032287342380347,
    0.0007945483972993715,
    0.0010258313167236608,
    0.0036208769128215335,
    0.027971260166882204,
    0.04951575433540193,
    0.05428308386404899
  ]
}