{
  "reward-variances": [
    0.2646693781971807
  ],
  "reward-final": [
    1.1929135256807453
  ],
  "coop-rate": [
    0.08077838127146267
  ],
  "reward-averages": [
    0.21810163913858172
  ],
  "kAvFreq": [
    0.010134429241971887,
    0.013094249447818992,
    0.03511091469038697,
    0.06124610559325672,
    0.07080884627245013,
    0.06364077384011892,
    0.0007421336752127319,
    0.001153354892671988,
    0.0032930936311107474,
    0.02192825610356541,
    0.05559343378544271,
    0.05106029121162251
  ],
  "kFinFreq": [
    0.1313465089669859,
    0.25801393211292095,
    0.20683277781772882,
    0.3558979641435768,
    0.3423064962482269,
    0.3980811412781599,
    0.0207420866785291,
    0.030276124418847403,
    0.12339037099680472,
    0.1833350863928206,
    0.2491128888776305,
    0.3481357935664862
  ]
}