{
  "reward-final": [
    2.1203099999999977
  ],
  "kAvFreq": [
    0.03795265399999999,
    0.07612071099999997,
    0.156501364,
    0.17173260199999998,
    0.173805728,
    0.18680942600000006,
    0.0027963990000000015,
    0.0031182679999999996,
    0.005054831999999999,
    0.018119733,
    0.06608599399999998,
    0.10191228900000002
  ],
  "reward-variances": [
    3.2989972270706995
  ],
  "kFinFreq": [
    0.029999999999999992,
    0.10280000000000002,
    0.13299999999999998,
    0.21080000000000002,
    0.1575,
    0.1509,
    0.0013,
    0.0032,
    0.0097,
    0.0133,
    0.06129999999999999,
    0.12619999999999998
  ],
  "coop-rate": [
    0.8046665847000005
  ],
  "reward-averages": [
    2.1725997885
  ]
}