{
  "kAvFreq": [
    0.07682023800000001,
    0.17110236800000003,
    0.1747449040000001,
    0.17286114699999997,
    0.17923463500000011,
    0.17637111200000008,
    0.0016417489999999999,
    0.0012909149999999997,
    0.0012586660000000003,
    0.0015217689999999999,
    0.0018179349999999997,
    0.041344562000000015
  ],
  "kFinFreq": [
    0.0544,
    0.11359999999999999,
    0.1816,
    0.21,
    0.23699999999999996,
    0.17569999999999997,
    0.0005,
    0.0006000000000000001,
    0.0021000000000000003,
    0.0032999999999999995,
    0.0015000000000000002,
    0.0197
  ],
  "reward-variances": [
    16.814530892887795
  ],
  "coop-rate": [
    0.9527237895999996
  ],
  "reward-averages": [
    2.5723542330000013
  ],
  "reward-final": [
    2.629619999999996
  ]
}