{
  "kAvFreq": [
    0.032193937,
    0.05366111500000001,
    0.12910789599999997,
    0.19616822199999995,
    0.19515567100000003,
    0.21258682299999998,
    0.002690037000000001,
    0.0028374439999999997,
    0.004841764000000003,
    0.020348500000000002,
    0.06715858300000002,
    0.08326000799999997
  ],
  "reward-averages": [
    2.2149435239999993
  ],
  "kFinFreq": [
    0.0327,
    0.0288,
    0.1264,
    0.18969999999999998,
    0.19729999999999998,
    0.18989999999999996,
    0.0004,
    0.0051,
    0.0003,
    0.0408,
    0.08969999999999999,
    0.0989
  ],
  "coop-rate": [
    0.8203494522000001
  ],
  "reward-final": [
    2.069729999999998
  ],
  "reward-variances": [
    2.6732096654029993
  ]
}