{
  "reward-variances": [
    0.7405352977043248
  ],
  "kAvFreq": [
    0.015994221499999996,
    0.018196792500000003,
    0.019382800500000005,
    0.031459757500000005,
    0.16064410850000002,
    0.174492461,
    0.007155096500000001,
    0.017362366500000007,
    0.09983160149999998,
    0.14915740850000003,
    0.15546195100000001,
    0.15087143450000004
  ],
  "kFinFreq": [
    0.0178,
    0.0179,
    0.04505,
    0.026899999999999993,
    0.19454999999999997,
    0.15899999999999997,
    0.013550000000000001,
    0.011950000000000002,
    0.09694999999999995,
    0.12605,
    0.17035000000000003,
    0.11995000000000003
  ],
  "reward-averages": [
    0.56823538275
  ],
  "reward-final": [
    0.6234750000000004
  ],
  "coop-rate": [
    0.42091509639999997
  ]
}