{
  "reward-variances": [
    0.14657083368744322
  ],
  "kAvFreq": [
    0.006079367315339052,
    0.007484596926008691,
    0.007565320729828627,
    0.013550049528469213,
    0.06179059818918815,
    0.06648051999446401,
    0.0016048836985161105,
    0.0047873668600288775,
    0.03931903898959603,
    0.06603789305752912,
    0.05606269892752978,
    0.057170675028683934
  ],
  "kFinFreq": [
    0.09624011637565699,
    0.09641882596256811,
    0.17506926486393892,
    0.13355107637155156,
    0.37480601315880724,
    0.34332928800205786,
    0.05435666932401212,
    0.05445592254291538,
    0.2617679267977649,
    0.31233179072902584,
    0.3556116245287828,
    0.2946196658405545
  ],
  "reward-averages": [
    0.11089059029872018
  ],
  "reward-final": [
    0.6534146821697535
  ],
  "coop-rate": [
    0.08214117904872774
  ]
}