{
  "reward-final": [
    2.6002799999999957
  ],
  "kFinFreq": [
    0.11900000000000001,
    0.1779,
    0.1539,
    0.2096,
    0.13699999999999998,
    0.16340000000000005,
    0.0006999999999999999,
    0.0051,
    0.0026,
    0.0,
    0.0009,
    0.029899999999999996
  ],
  "reward-variances": [
    13.708693580766797
  ],
  "coop-rate": [
    0.9473837085000002
  ],
  "kAvFreq": [
    0.07310958099999999,
    0.16936221999999998,
    0.16553363100000001,
    0.18362449000000006,
    0.17027337599999995,
    0.18400895999999992,
    0.0016696190000000009,
    0.0013768999999999995,
    0.0014508530000000009,
    0.001828076,
    0.0025644269999999993,
    0.04520786699999999
  ],
  "reward-averages": [
    2.557936013400001
  ]
}