{
  "kFinFreq": [
    0.0165,
    0.0398,
    0.08370000000000001,
    0.1325,
    0.22639999999999996,
    0.1886,
    0.0096,
    0.011700000000000002,
    0.0057,
    0.0653,
    0.109,
    0.11120000000000001
  ],
  "reward-final": [
    1.8605699999999985
  ],
  "coop-rate": [
    0.6882284015000003
  ],
  "reward-variances": [
    2.0790615665973
  ],
  "reward-averages": [
    1.858216671900001
  ],
  "kAvFreq": [
    0.026345655999999985,
    0.03878100799999999,
    0.07993135200000005,
    0.17098624800000004,
    0.187037271,
    0.18369826599999997,
    0.003495013999999999,
    0.004167730999999999,
    0.008274632999999998,
    0.059461085,
    0.111946829,
    0.125884907
  ]
}