{
  "reward-variances": [
    2.0437250832258
  ],
  "reward-final": [
    1.8781199999999985
  ],
  "reward-averages": [
    1.8338156964
  ],
  "kAvFreq": [
    0.027278263999999993,
    0.042109548,
    0.08023477500000004,
    0.18416554999999993,
    0.16255923899999997,
    0.1813208389999999,
    0.003524213000000001,
    0.004314181000000001,
    0.008961554000000005,
    0.06623919200000002,
    0.119716125,
    0.11958651999999999
  ],
  "kFinFreq": [
    0.052199999999999996,
    0.029299999999999993,
    0.0373,
    0.1642,
    0.213,
    0.1996,
    0.0033,
    0.0011,
    0.0154,
    0.03609999999999999,
    0.1112,
    0.13729999999999998
  ],
  "coop-rate": [
    0.6791909987999998
  ]
}