{
  "reward-variances": [
    0.20589022414759067
  ],
  "reward-final": [
    1.2091471563048064
  ],
  "reward-averages": [
    0.18480193360328312
  ],
  "kAvFreq": [
    0.010597120157075883,
    0.017831093510373836,
    0.03535696319739685,
    0.06933915965108534,
    0.061232619251258384,
    0.07776735033386299,
    0.0007430297128184041,
    0.0013256583033870379,
    0.0038085632434927477,
    0.03017876535202088,
    0.04757504736167138,
    0.050963017701109496
  ],
  "kFinFreq": [
    0.2030890445100375,
    0.1537677144266637,
    0.1677489493260688,
    0.3537490070657443,
    0.39127611733914963,
    0.3870398429102616,
    0.028915566741808812,
    0.007732399368889323,
    0.06910021707635947,
    0.17166184782880556,
    0.3045103610716719,
    0.3344364065110137
  ],
  "coop-rate": [
    0.06844515973655357
  ]
}