{
  "coop-rate": [
    0.7197897540000001
  ],
  "reward-variances": [
    2.2846328170390002
  ],
  "reward-averages": [
    1.9434323304000005
  ],
  "kFinFreq": [
    0.017,
    0.045899999999999996,
    0.06539999999999999,
    0.21030000000000001,
    0.1693,
    0.15979999999999997,
    0.0006,
    0.0069,
    0.0032,
    0.0789,
    0.13409999999999997,
    0.10860000000000002
  ],
  "reward-final": [
    1.807379999999999
  ],
  "kAvFreq": [
    0.030297794000000003,
    0.041727695999999995,
    0.09306815200000003,
    0.189092658,
    0.17470715900000003,
    0.18939323000000008,
    0.0033169970000000003,
    0.0038261709999999997,
    0.007923896,
    0.047864193000000006,
    0.10297446300000003,
    0.11581759099999997
  ]
}