{
  "kFinFreq": [
    0.044,
    0.04650000000000001,
    0.10319999999999999,
    0.20040000000000002,
    0.22049999999999997,
    0.1702,
    0.0049,
    0.0012,
    0.0067,
    0.0325,
    0.0397,
    0.13019999999999998
  ],
  "coop-rate": [
    0.7965169067999999
  ],
  "reward-final": [
    2.1188699999999976
  ],
  "reward-variances": [
    2.5787586039741996
  ],
  "kAvFreq": [
    0.035027197999999996,
    0.05347437799999999,
    0.12235660799999999,
    0.19829056600000008,
    0.20129347000000003,
    0.18455407100000001,
    0.0027280729999999997,
    0.0030561740000000005,
    0.005449081,
    0.027952071000000002,
    0.07306999700000001,
    0.092758313
  ],
  "reward-averages": [
    2.1505956551999996
  ]
}