{
  "kAvFreq": [
    0.028261497000000003,
    0.03788891499999999,
    0.07942641399999999,
    0.18037965499999994,
    0.17216423599999994,
    0.18135498200000005,
    0.003558057,
    0.004306197999999998,
    0.009044899000000006,
    0.06033939100000001,
    0.114905961,
    0.12837979499999994
  ],
  "reward-variances": [
    2.0603960767235
  ],
  "reward-final": [
    1.823489999999999
  ],
  "kFinFreq": [
    0.0109,
    0.04529999999999999,
    0.0944,
    0.1255,
    0.2025,
    0.19469999999999996,
    0.0074,
    0.0032999999999999995,
    0.0187,
    0.0848,
    0.11950000000000002,
    0.09300000000000001
  ],
  "reward-averages": [
    1.8387005301
  ],
  "coop-rate": [
    0.681000198
  ]
}