{
  "kAvFreq": [
    0.011212228934056377,
    0.012389219791418465,
    0.029718822140535853,
    0.07120373492134015,
    0.06521094928353599,
    0.07076370609311015,
    0.0007329807778182181,
    0.0011935288342541206,
    0.003857932620756744,
    0.03241251227967094,
    0.04717580983852189,
    0.06085831180664211
  ],
  "reward-variances": [
    0.23101754060526578
  ],
  "reward-final": [
    1.2343800346327707
  ],
  "kFinFreq": [
    0.06711326247471508,
    0.18619589146917287,
    0.28046860786904476,
    0.3229686517295448,
    0.3943054019411857,
    0.38358690019342423,
    0.039079918116597945,
    0.025418693908224318,
    0.10739324932229213,
    0.2545996072267198,
    0.3118056285572793,
    0.2818492504868516
  ],
  "reward-averages": [
    0.20620259719992184
  ],
  "coop-rate": [
    0.07637133161768965
  ]
}