{
  "kFinFreq": [
    0.0816,
    0.22159999999999996,
    0.1744,
    0.16260000000000002,
    0.1966,
    0.1494,
    0.0024,
    0.0006,
    0.0001,
    0.0002,
    0.0004,
    0.0101
  ],
  "reward-variances": [
    15.4685054179797
  ],
  "reward-final": [
    2.667149999999996
  ],
  "reward-averages": [
    2.5558367823
  ],
  "coop-rate": [
    0.9466062141000002
  ],
  "kAvFreq": [
    0.077486895,
    0.16835278500000006,
    0.16831015499999996,
    0.17276477799999998,
    0.18301914499999994,
    0.1751501859999999,
    0.0015845820000000004,
    0.0013701129999999998,
    0.0015334649999999995,
    0.0018952730000000003,
    0.002526883999999999,
    0.04601573899999998
  ]
}