{
  "reward-averages": [
    1.9634352425999995
  ],
  "reward-variances": [
    2.413789647968399
  ],
  "coop-rate": [
    0.7271982410000003
  ],
  "kFinFreq": [
    0.0325,
    0.0754,
    0.1286,
    0.132,
    0.1433,
    0.21559999999999999,
    0.0014000000000000002,
    0.0062,
    0.004700000000000001,
    0.052099999999999994,
    0.10749999999999998,
    0.10070000000000003
  ],
  "kAvFreq": [
    0.030987561999999986,
    0.04691589199999999,
    0.10022917399999999,
    0.18027709000000003,
    0.179469563,
    0.18777212199999993,
    0.0032121989999999993,
    0.003846845000000001,
    0.007031617000000003,
    0.042882191,
    0.09903044800000002,
    0.11835529700000004
  ],
  "reward-final": [
    1.969919999999999
  ]
}