{
  "kAvFreq": [
    0.037753043,
    0.09014315299999998,
    0.1710132149999999,
    0.18610440499999995,
    0.17948244500000002,
    0.1712522720000001,
    0.0028898989999999996,
    0.002891593999999999,
    0.0041284369999999996,
    0.013727811999999995,
    0.05469298799999999,
    0.08593073700000003
  ],
  "kFinFreq": [
    0.0532,
    0.07570000000000002,
    0.1496,
    0.18610000000000004,
    0.19020000000000004,
    0.1634,
    0.0103,
    0.0014000000000000002,
    0.0017,
    0.042800000000000005,
    0.07519999999999999,
    0.0504
  ],
  "reward-averages": [
    2.261619133200001
  ],
  "coop-rate": [
    0.8376367171999999
  ],
  "reward-final": [
    2.211299999999997
  ],
  "reward-variances": [
    3.226206309165201
  ]
}