{
  "kFinFreq": [
    0.11073102546260465,
    0.23126649130386356,
    0.3504914264286646,
    0.3752475849355995,
    0.38856364986961917,
    0.3666163662467894,
    0.00298496231131986,
    0.013949551964131323,
    0.04817426698975295,
    0.09538364639706326,
    0.20093222738027866,
    0.26764265355133515
  ],
  "coop-rate": [
    0.05862041126283294
  ],
  "reward-final": [
    0.9621051187890023
  ],
  "kAvFreq": [
    0.014570842679297034,
    0.030952663489665053,
    0.06660850244352211,
    0.07224786828356652,
    0.07144654266247265,
    0.0757128554762263,
    0.0006557914312492959,
    0.0008541113687663923,
    0.0018250055222316453,
    0.008871333651943208,
    0.03425895760468733,
    0.04735229278638629
  ],
  "reward-variances": [
    0.24623598106020178
  ],
  "reward-averages": [
    0.15827512585674203
  ]
}