{
  "kAvFreq": [
    0.07567393500000001,
    0.17038385300000009,
    0.17561049499999992,
    0.16848629499999998,
    0.1809608339999999,
    0.18105000500000007,
    0.0018344500000000003,
    0.001446794,
    0.0013327539999999998,
    0.0013804980000000002,
    0.0016310759999999995,
    0.040219011
  ],
  "reward-variances": [
    18.06233874447
  ],
  "reward-final": [
    2.6078399999999964
  ],
  "coop-rate": [
    0.9540846417000001
  ],
  "kFinFreq": [
    0.0629,
    0.18019999999999997,
    0.1056,
    0.22640000000000002,
    0.2306,
    0.16140000000000002,
    0.0002,
    0.001,
    0.0014000000000000002,
    0.0003,
    0.0001,
    0.029900000000000003
  ],
  "reward-averages": [
    2.5760285298000003
  ]
}