{
  "kAvFreq": [
    0.034126203,
    0.054345694999999986,
    0.125017309,
    0.19522115500000006,
    0.18584532199999987,
    0.17891257700000002,
    0.003037441,
    0.003599912000000001,
    0.005956400999999999,
    0.02660417799999999,
    0.07945304600000001,
    0.10789076099999992
  ],
  "reward-final": [
    2.1456899999999983
  ],
  "kFinFreq": [
    0.035899999999999994,
    0.0085,
    0.1232,
    0.20989999999999998,
    0.21600000000000003,
    0.19949999999999996,
    0.0021,
    0.006000000000000001,
    0.0023,
    0.014000000000000002,
    0.05329999999999999,
    0.1293
  ],
  "reward-averages": [
    2.0925703233000004
  ],
  "coop-rate": [
    0.7750260451000002
  ],
  "reward-variances": [
    2.8285733516393
  ]
}