{
  "reward-final": [
    1.9865699999999977
  ],
  "kAvFreq": [
    0.028315265999999988,
    0.04471750300000002,
    0.08514705300000003,
    0.17941125599999994,
    0.17380861600000003,
    0.16703281600000003,
    0.003576001999999999,
    0.004165847000000002,
    0.008998566000000005,
    0.06128666599999998,
    0.11804951099999998,
    0.12550089799999997
  ],
  "reward-variances": [
    2.0956479726271002
  ],
  "kFinFreq": [
    0.0233,
    0.07260000000000001,
    0.11169999999999997,
    0.17049999999999998,
    0.21009999999999998,
    0.1462,
    0.0025,
    0.0006000000000000001,
    0.0183,
    0.0288,
    0.0824,
    0.133
  ],
  "coop-rate": [
    0.6800241454999997
  ],
  "reward-averages": [
    1.8360651950999993
  ]
}