{
  "kAvFreq": [
    0.037114606999999994,
    0.069404809,
    0.15058970499999996,
    0.18769235499999998,
    0.20717970900000005,
    0.22436598,
    0.002081511000000001,
    0.002316378999999999,
    0.004155397000000002,
    0.015592913999999998,
    0.04055601399999998,
    0.05896062
  ],
  "reward-variances": [
    2.854116547370401
  ],
  "reward-final": [
    2.3612399999999973
  ],
  "coop-rate": [
    0.8774397628000001
  ],
  "kFinFreq": [
    0.0405,
    0.0857,
    0.11560000000000001,
    0.2183,
    0.19409999999999997,
    0.22130000000000002,
    0.0005,
    0.0028000000000000004,
    0.0021,
    0.0291,
    0.0269,
    0.06309999999999999
  ],
  "reward-averages": [
    2.3690873519999998
  ]
}