{
  "reward-averages": [
    2.5681854825
  ],
  "reward-final": [
    2.6162099999999957
  ],
  "kAvFreq": [
    0.071656086,
    0.16786362999999999,
    0.16470367300000002,
    0.18821741900000002,
    0.1747976599999999,
    0.18191222600000004,
    0.0019179200000000005,
    0.0013723730000000003,
    0.001255677,
    0.001344302,
    0.0014974589999999996,
    0.043471575000000005
  ],
  "coop-rate": [
    0.9511798078000001
  ],
  "kFinFreq": [
    0.09949999999999999,
    0.1251,
    0.1275,
    0.1928,
    0.23629999999999998,
    0.18710000000000002,
    0.0009,
    0.0012000000000000001,
    0.0001,
    0.0011,
    0.0,
    0.028399999999999998
  ],
  "reward-variances": [
    18.2065514379357
  ]
}