{
  "reward-final": [
    2.117519999999997
  ],
  "kAvFreq": [
    0.028624646000000017,
    0.041736787,
    0.09066715199999999,
    0.19464743099999995,
    0.17497839699999992,
    0.18194153000000005,
    0.00340245,
    0.003790238999999998,
    0.0076302479999999975,
    0.04324916999999998,
    0.10146967099999998,
    0.127872279
  ],
  "reward-variances": [
    2.3007124146407008
  ],
  "kFinFreq": [
    0.030900000000000004,
    0.028699999999999993,
    0.17,
    0.1975,
    0.1881,
    0.1707,
    0.0013,
    0.0039000000000000003,
    0.0074,
    0.06899999999999999,
    0.06659999999999999,
    0.0659
  ],
  "coop-rate": [
    0.7141386776
  ],
  "reward-averages": [
    1.9281744170999997
  ]
}