{
  "reward-final": [
    1.075645029552036
  ],
  "kAvFreq": [
    0.012350712493135123,
    0.01673144913111028,
    0.037713691672085034,
    0.07217294265927321,
    0.07039525979578945,
    0.06753572992720298,
    0.0007061645272172768,
    0.0011548645691937215,
    0.003213520196186108,
    0.020745280111449448,
    0.0503597684533404,
    0.05352895855444284
  ],
  "reward-variances": [
    0.25344660698639637
  ],
  "kFinFreq": [
    0.13625046788910486,
    0.1381206356776568,
    0.3592575677699775,
    0.3844850452228279,
    0.3793934501279641,
    0.3660662644931926,
    0.006731270311018567,
    0.025725279395956032,
    0.04797124138481305,
    0.24214252001662162,
    0.2416452772143499,
    0.2414750297649842
  ],
  "coop-rate": [
    0.0789239563882039
  ],
  "reward-averages": [
    0.2130946640431814
  ]
}