{
  "reward-final": [
    1.9796399999999983
  ],
  "reward-variances": [
    2.4170639285479014
  ],
  "kFinFreq": [
    0.0266,
    0.0552,
    0.0682,
    0.17029999999999998,
    0.1519,
    0.25889999999999996,
    0.0041,
    0.0015000000000000002,
    0.0115,
    0.0633,
    0.0868,
    0.1017
  ],
  "coop-rate": [
    0.7441164701999997
  ],
  "kAvFreq": [
    0.028170015999999992,
    0.04401337100000001,
    0.10200761099999997,
    0.18646197999999997,
    0.18084372699999995,
    0.20122728800000003,
    0.00311321,
    0.0036997709999999984,
    0.006911863000000002,
    0.041063510000000025,
    0.09054156299999999,
    0.11195608999999998
  ],
  "reward-averages": [
    2.009114462700001
  ]
}