{
  "reward-averages": [
    1.8748626498000007
  ],
  "reward-final": [
    1.9998899999999977
  ],
  "kFinFreq": [
    0.006900000000000001,
    0.0759,
    0.0678,
    0.20149999999999998,
    0.1856,
    0.2009,
    0.0014000000000000002,
    0.0033,
    0.0026,
    0.06089999999999999,
    0.12309999999999999,
    0.07010000000000001
  ],
  "reward-variances": [
    2.1010854709236004
  ],
  "coop-rate": [
    0.6943935737
  ],
  "kAvFreq": [
    0.028532193999999986,
    0.040195688999999986,
    0.08642855500000002,
    0.18015885900000012,
    0.17463211600000006,
    0.182895825,
    0.0034854760000000025,
    0.004236856,
    0.008479731,
    0.06777818800000003,
    0.10755619499999995,
    0.11563031599999997
  ]
}